shipName,shipID,tier,is_premium,nation,reloadTime,barrels,guns,RPM
Svietlana,4185830864,4,FALSE,ussr,10,1,15,90
Kolberg,4186879792,3,FALSE,germany,4,1,12,180
Dresden,4292785968,2,FALSE,germany,5,1,10,120
St.?Louis,4290689008,3,FALSE,usa,10,1,10,60
Atlanta B,3679369200,7,TRUE,usa,4,2,8,200
Java,4186879760,3,FALSE,netherlands,10,1,10,57
Colbert,3760109392,10,FALSE,france,3,2,8,281.6
Atlanta,4288591856,7,TRUE,usa,4,2,8,200
Karlsruhe,4185831216,4,FALSE,germany,6,1,8,73.6
Gelderland,4187928336,2,FALSE,netherlands,8,1,8,60
Edgar,4178491344,11,FALSE,uk,3,2,6,225.6
San Diego,3720263664,8,TRUE,usa,5,2,8,174.4
STAR?Kitakaze,3362666192,9,TRUE,japan,3,2,4,160
Jurien de la Gravi?re,4187928400,2,FALSE,france,9,1,8,53.6
Bogatyr,4186879440,3,FALSE,ussr,9,1,8,53.6
Weymouth,4187928528,2,FALSE,uk,9,1,8,52
Port Jackson,4282299760,2,FALSE,commonwealth,9,1,8,50.4
Emden,3768497968,2,TRUE,germany,4,1,10,150
M?ndez N??ez,4187927984,2,FALSE,spain,10,1,8,48
Nino Bixio,4187928304,2,FALSE,italy,11,1,8,44
Kuma,4281251536,4,FALSE,japan,6,1,7,70
Flint,3553540080,7,TRUE,usa,5,2,6,141.6
Smolensk,3655251408,10,FALSE,ussr,4,4,4,212.8
Smolensk B,3739137488,10,FALSE,ussr,4,4,4,212.8
Taranto,4186879728,3,FALSE,italy,11,1,7,37.8
Friesland,3760076080,9,TRUE,europe,1,2,2,133.2
Groningen,3761125136,9,TRUE,netherlands,1,2,2,133.2
Harugumo,4074649296,10,FALSE,japan,3,2,5,200
Jinan,4179539152,10,FALSE,pan_asia,3,2,5,200
Minotaur,4179539920,10,FALSE,uk,3,2,5,188
Jacksonville,4283348976,11,FALSE,usa,5,3,5,180
Kitakaze,4065212112,9,FALSE,japan,3,2,4,160
Hector,3761157488,9,TRUE,commonwealth,6,2,7,126
Dalian,3761157328,9,TRUE,pan_asia,4,2,5,122
Akizuki,4181604048,8,FALSE,japan,3,2,4,160
Cross of Dorn,3542005552,8,TRUE,germany,6,3,4,120
Sejong,4180587728,9,FALSE,pan_asia,4,2,6,159.6
Wiesbaden,3531519792,8,TRUE,germany,6,2,6,120
Mainz?B,3667834672,8,TRUE,germany,6,3,4,120
Novik,4187928016,2,FALSE,ussr,5,1,6,72
Almirante Barroso,4187927888,2,FALSE,pan_america,7,1,6,51.6
Mainz,3751720752,8,TRUE,germany,6,3,4,120
C?rdoba,4185830736,4,FALSE,pan_america,7,1,6,51.6
Danae,4185831376,4,FALSE,uk,7,1,6,48
Dunedin,4280202608,4,FALSE,commonwealth,8,1,6,42.6
Navarra,4186879408,3,FALSE,spain,10,1,6,36
Vicente Guerrero,4186879312,3,FALSE,pan_america,10,1,6,36
Phoenix,4269717488,4,FALSE,usa,10,1,6,36
Krasny Krym,3765351888,5,TRUE,ussr,8,1,15,111
Nassau,4186912560,3,FALSE,germany,26,2,6,27.6
Worcester,4074682352,10,FALSE,usa,4,2,6,156
Ship Smasha,3541972176,8,TRUE,pan_asia,4,2,4,108.8
Fenyang,3751687376,8,TRUE,pan_asia,4,2,4,108.8
Turenne,4186912592,3,FALSE,france,30,2,6,24
Dmitry Pozharsky,3709777360,8,TRUE,ussr,6,3,4,105.6
Courbet,4185864016,4,FALSE,france,30,2,6,24
Wyoming,4290721776,4,FALSE,usa,30,2,6,24
AL Montpelier,3542005744,8,TRUE,usa,7,3,4,103.2
Tokachi,3763254992,7,TRUE,japan,7,2,6,103.2
Kawachi,4293867216,3,FALSE,japan,30,2,6,24
Neptune,4180588496,9,FALSE,uk,4,3,4,150
Plymouth,3760109520,10,FALSE,uk,6,4,4,147.2
Vampire II,3760076144,10,FALSE,commonwealth,2,2,3,144
AL Avrora,3746477520,3,TRUE,ussr,8,1,14,98
Vallejo,3761158128,9,TRUE,usa,6,2,5,98
Aurora,4293834192,3,TRUE,ussr,8,1,14,98
Sm?land,3655218480,10,FALSE,europe,1,2,2,141.2
STAR?Edinburgh,3363747792,8,TRUE,uk,7,3,4,96
L?shun,3760075984,10,FALSE,pan_asia,1,2,2,141.2
Cossack B,3667802064,8,TRUE,uk,5,2,4,96
Cossack,3752736720,8,TRUE,uk,5,2,4,96
Velos,3761124656,9,TRUE,europe,2,1,4,96
Belfast,3763255248,7,TRUE,uk,7,3,4,96
Bayard,3762206544,8,TRUE,france,7,3,4,96
M?nchen,3763255088,7,TRUE,germany,5,2,4,96
Marceau,4074649424,10,FALSE,france,3,2,4,136.8
Z-42,3655218992,10,FALSE,germany,4,2,5,133
Annapolis,4178491376,11,FALSE,usa,5,3,4,130.8
Daring,4179507152,10,FALSE,uk,2,2,3,128.4
Charleston,3767449584,3,TRUE,usa,9,1,14,93.8
Dalarna,4178457904,11,FALSE,europe,2,2,3,128.4
Druid,3760076752,10,FALSE,uk,1,2,2,126.4
Brisbane,3760108912,10,FALSE,commonwealth,5,2,5,120
[Gearing],3337500656,10,FALSE,usa,3,2,3,120
Zhu Que,3552457936,8,TRUE,pan_asia,3,1,5,90
Black,3551410160,9,TRUE,usa,3,1,5,90
Admiral Makarov,3659445712,6,TRUE,ussr,6,3,3,90
Boise,3668883440,7,TRUE,usa,10,3,5,90
Black B,3740153840,9,TRUE,usa,3,1,5,90
Varyag,3756963280,3,TRUE,ussr,8,1,12,90
Kidd,3762173936,8,TRUE,usa,3,1,5,90
Weimar,3752769328,7,TRUE,germany,8,3,4,90
Irian,3762205904,8,TRUE,pan_asia,8,3,4,90
Mikhail Kutuzov,3762206160,8,TRUE,ussr,8,3,4,90
Nueve de Julio,3763254608,7,TRUE,pan_america,10,3,5,90
Forrest Sherman,3655219184,10,FALSE,usa,1,1,3,120
Joshua Humphreys,4178458608,11,FALSE,usa,3,2,3,120
Gearing,4281219056,10,FALSE,usa,3,2,3,120
S?dermanland,3256759600,10,FALSE,europe,2,2,2,120
Halland,4179506480,10,FALSE,europe,2,2,2,120
Chumphon,4182684880,7,FALSE,pan_asia,6,2,6,117.6
Harbin,4181636304,8,FALSE,pan_asia,5,2,5,115
Seattle,4075730928,9,FALSE,usa,6,3,4,110.4
Cleveland,4076779504,8,FALSE,usa,6,3,4,110.4
Helena,4077828080,7,FALSE,usa,8,3,5,106.5
Z-35,3751687984,8,TRUE,germany,3,1,5,88
?sterg?tland,4180555056,9,FALSE,europe,2,2,2,104.4
?land,4181603632,8,FALSE,europe,2,2,2,104.4
Cassard,4284364624,10,FALSE,france,3,2,3,102.6
Admiraal,3258890000,8,FALSE,netherlands,6,2,5,100
Salem,3550394352,10,FALSE,usa,5,3,3,98.1
Izyaslav,4185798096,4,FALSE,ussr,5,1,5,60
Huron,3752736112,7,TRUE,commonwealth,4,2,3,85.8
Des Moines,4273911792,10,FALSE,usa,5,3,3,98.1
Smith,3768465392,2,TRUE,usa,3,1,5,85.5
Hayate,3760076496,10,FALSE,japan,3,2,3,97.2
Austin,3445536752,10,FALSE,usa,7,2,6,96
Kunming,4178457808,11,FALSE,pan_asia,5,2,4,96
Khabarovsk,4179506640,10,FALSE,ussr,5,2,4,96
Lambros Katsonis,4075697456,9,FALSE,europe,3,1,6,94.8
Illinois,3729733616,9,TRUE,usa,9,4,3,80.4
Lazo B,3699291600,7,TRUE,ussr,9,3,4,80.4
Lazo,3751720400,7,TRUE,ussr,9,3,4,80.4
Z-52,4179506992,10,FALSE,germany,3,2,3,94.8
Edinburgh,4181637072,8,FALSE,uk,7,3,4,93.6
Statenland,3248404240,8,FALSE,netherlands,6,2,5,92
Caledon,4186879952,3,FALSE,uk,8,1,5,37.5
Somme,3750639568,9,TRUE,uk,4,2,3,79.8
Orkan,3762173232,8,TRUE,europe,4,2,3,79.8
Mahan,4288559088,7,FALSE,usa,3,1,5,91
Caradoc,4281251184,3,FALSE,commonwealth,8,1,5,35.5
Ochakov,3741234640,8,TRUE,ussr,6,2,4,78.4
Zorkiy,4178458064,11,FALSE,ussr,5,2,4,90.4
Kaiser,4185863984,4,FALSE,germany,26,2,5,23
Tiger '59,3751720912,8,TRUE,uk,3,2,2,75.2
Benson,4286461936,8,FALSE,usa,3,1,5,90
Moltke,4081006384,4,FALSE,germany,30,2,5,20
De Zeven Provinci?n,3762206480,8,TRUE,netherlands,6,2,4,73.6
Fletcher,4272830448,9,FALSE,usa,3,1,5,90
Mogami,4285445840,8,FALSE,japan,10,3,5,90
Bellerophon,4186912720,3,FALSE,uk,30,2,5,20
Orion,4185864144,4,FALSE,uk,30,2,5,20
Halford,3750639600,9,TRUE,usa,3,1,4,72.8
Benham,3761125360,9,TRUE,usa,3,1,4,72.8
Sims B,3668850672,7,TRUE,usa,3,1,4,72
Belfast '43,3741235152,8,TRUE,uk,10,3,4,72
Chapayev,4181636560,8,FALSE,ussr,8,3,4,90
Rattlehead,3765352432,5,TRUE,usa,6,1,8,72
Fiji,4182685648,7,FALSE,uk,8,3,4,90
Haida,3763221872,7,TRUE,commonwealth,5,2,3,72
Knyaz Suvorov,4186912208,3,FALSE,ussr,36,2,5,17
Shchors,4182685136,7,FALSE,ussr,8,3,4,90
Yueyang,4179506384,10,FALSE,pan_asia,4,2,3,90
Z-46,4180555568,9,FALSE,germany,4,2,3,90
N?rnberg,4183734064,6,FALSE,germany,6,3,3,90
Incheon,3550393552,10,FALSE,pan_asia,5,2,4,87.2
?lvaro de?Baz?n,3760076208,10,FALSE,spain,5,2,4,87.2
Attilio Regolo,4179506928,10,FALSE,italy,5,2,4,87.2
Yodo,4074682064,10,FALSE,japan,12,3,6,86.4
Marblehead Lima,4247697392,5,TRUE,usa,6,1,8,72
Marblehead,4248745968,5,TRUE,usa,6,1,8,72
Sims,4264441840,7,TRUE,usa,3,1,4,72
Z-44,3750639408,9,TRUE,germany,4,1,5,71.5
Rahmat,4183733456,6,FALSE,pan_asia,7,2,5,86
Dido,3743332304,6,TRUE,uk,8,2,5,71
[Grozovoi],3340645840,10,FALSE,ussr,4,2,3,85.8
Grozovoi,4074649040,10,FALSE,ussr,4,2,3,85.8
Chung Mu,4180554960,9,FALSE,pan_asia,3,1,5,85.5
Orage,4274927440,9,FALSE,france,4,2,3,84
Almirante Grau,3762206032,8,TRUE,pan_america,7,2,4,68.8
Split,4076746032,8,FALSE,europe,3,1,5,83.5
Coronel Bolognesi,4182685008,7,FALSE,pan_america,6,3,3,82.8
Uganda,4277056880,7,FALSE,commonwealth,6,3,3,81.9
Leipzig,3753817904,6,TRUE,germany,7,3,3,68.4
Vladimir Monomakh,3267278288,10,FALSE,ussr,6,2,4,80
Kitakami,3655251664,10,FALSE,japan,3,1,4,80
Somers,3760076784,10,FALSE,usa,6,2,4,80
Alexander Nevsky,4074681808,10,FALSE,ussr,6,2,4,80
Yamagiri,4178458320,11,FALSE,japan,4,2,3,79.8
De Grasse,3764303696,6,TRUE,france,8,3,3,66.6
Lightning,4181604304,8,FALSE,uk,4,2,3,79.8
Johnston,3540924400,9,TRUE,usa,4,1,5,66.5
Santander,4180587856,9,FALSE,pan_america,7,3,3,77.4
Stord?'43,3543020848,7,TRUE,europe,3,1,4,64.8
Perth,3764303216,6,TRUE,commonwealth,7,2,4,64
Duca d'Aosta,3764303600,6,TRUE,italy,7,2,4,64
L'Aventurier,4275976016,8,FALSE,france,4,2,3,76.8
Sk?ne,4182652208,7,FALSE,europe,3,2,2,75.2
Farragut,4289607664,6,FALSE,usa,4,1,5,75
Montcalm,3544102736,6,TRUE,france,8,3,3,63
[Hindenburg],3340678960,10,FALSE,germany,9,3,4,73.2
Hindenburg,4179539760,10,FALSE,germany,9,3,4,73.2
Hill,3765319664,5,TRUE,usa,4,1,5,62.5
Aigle,3764270928,6,TRUE,france,4,1,5,62.5
La Pampa,3550360912,10,FALSE,pan_america,3,2,2,72.8
Tulsa,3750672368,9,TRUE,usa,5,2,3,61.8
Buffalo,4180588528,9,FALSE,usa,10,3,4,72
Hsienyang,4181603536,8,FALSE,pan_asia,3,1,4,72
Minegumo,3540924112,9,TRUE,japan,6,2,3,60
BA Takahashi,3436099280,9,TRUE,japan,15,3,5,60
Neustrashimy,3551409616,9,TRUE,ussr,4,2,2,60
Hampshire,3730749392,8,TRUE,uk,10,2,5,60
Le?Terrible,3762173776,8,TRUE,france,5,1,5,60
Elli,3764303152,6,TRUE,europe,8,2,4,60
Leningrad,3763221968,7,TRUE,ussr,5,1,5,60
T-61,3764270896,6,TRUE,germany,4,1,4,60
Delny,3864933840,10,FALSE,ussr,5,2,3,72
Kiev,3971888592,8,FALSE,ussr,5,2,3,72
Tashkent,3865982416,9,FALSE,ussr,5,2,3,72
Gadjah Mada,4182652112,7,FALSE,pan_asia,5,2,3,72
Jervis,4182652880,7,FALSE,uk,5,2,3,72
Adriatico,4180555504,9,FALSE,italy,5,2,3,72
Udaloi,4182652368,9,FALSE,ussr,5,2,3,72
K?nigsberg,4184782640,5,FALSE,germany,7,3,3,72
Leberecht Maass,4182652720,7,FALSE,germany,4,1,5,71.5
V-170,4185798448,4,FALSE,germany,4,1,4,60
G-101,4186847024,3,FALSE,germany,4,1,4,60
Ragnar,3550360880,10,FALSE,europe,3,2,2,70.4
Tromp,3655218960,10,FALSE,netherlands,5,2,3,69
Tachibana Lima,4280170192,2,TRUE,japan,5,1,5,60
Kl?ber CLR,3445503824,10,FALSE,france,7,2,4,68.8
Kl?ber,4179507024,10,FALSE,france,7,2,4,68.8
Ignacio Allende,4181636432,8,FALSE,pan_america,7,2,4,68.8
Tachibana,4293801680,2,TRUE,japan,5,1,5,60
Almirante Cochrane,4183733584,6,FALSE,pan_america,7,2,4,68.8
Clausewitz,4178491184,11,FALSE,germany,10,3,4,68.4
Cerberus,4284396912,10,FALSE,commonwealth,10,3,4,68.4
J?piter,4188976560,1,FALSE,spain,4,1,4,53.2
Budyonny,4183733712,6,FALSE,ussr,8,3,3,67.5
Leone,3764270832,6,TRUE,italy,8,2,4,56.8
T-22,4184749872,5,FALSE,germany,3,1,4,66.8
Frank Friday,3352180720,9,FALSE,usa,4,1,5,66.5
Le?Hardi,4277024592,7,FALSE,france,5,2,3,65.4
Hobart,4278105456,6,FALSE,commonwealth,7,2,4,64
Diana,4292785616,2,TRUE,ussr,8,1,8,56
Diana Lima,4284397008,2,TRUE,ussr,8,1,8,56
Jupiter?'42,3543021520,7,TRUE,uk,6,2,3,55.2
Almirante Oquendo,3540956592,9,TRUE,spain,13,3,4,55.2
[Shimakaze],3338548944,10,FALSE,japan,5,2,3,63
AL Shimakaze,3361617616,10,FALSE,japan,5,2,3,63
Y?gumo,4075697872,9,FALSE,japan,5,2,3,63
Loyang B,3667801296,8,TRUE,pan_asia,3,1,3,54
Loyang,3762173136,8,TRUE,pan_asia,3,1,3,54
Wichita,3762206704,8,TRUE,usa,10,3,3,54
Shimakaze,4282267344,10,FALSE,japan,5,2,3,63
Omono,4077827792,7,FALSE,japan,11,3,4,62.4
Oleg,3767449040,3,TRUE,ussr,9,1,8,53.6
Wakeful,4185798608,4,FALSE,uk,5,1,4,48
La Galissonni?re,4183734096,6,FALSE,france,9,3,3,60.3
Omaha,4289640432,5,FALSE,usa,8,1,8,60
Shimanto,4076779216,8,FALSE,japan,15,3,5,60
Valkyrie,4186847184,3,FALSE,uk,5,1,4,41.2
Takahashi,4075730640,9,FALSE,japan,15,3,5,60
Minsk,4077794768,7,FALSE,ussr,5,1,5,60
Siliwangi,4076745936,8,TRUE,pan_asia,4,2,2,53.2
Duguay-Trouin,4185831248,4,FALSE,france,12,2,4,40
Friant,4186879824,3,FALSE,france,12,2,4,40
Erie,4293834736,1,FALSE,usa,6,1,4,40
Tenry?,4279154384,3,FALSE,japan,6,1,4,40
Vauquelin,4182652752,7,FALSE,france,5,1,5,60
Stord,4078843184,6,FALSE,europe,4,1,4,60
Mogador,4180555600,9,FALSE,france,8,2,4,60
Z-23,4181604144,8,FALSE,germany,4,1,4,60
Vittorio Cuniberti,4181604080,8,FALSE,italy,6,2,3,60
Huanghe,3764303056,6,TRUE,pan_asia,7,2,3,51.6
Shenyang,4185797840,4,FALSE,pan_asia,6,1,4,36.8
Kotovsky,4069438928,5,FALSE,ussr,8,2,4,58.4
Bourrasque,4185798480,4,FALSE,france,6,1,4,36.4
Murmansk,4291737040,5,TRUE,ussr,7,1,6,51.6
FR25,3763222256,7,TRUE,italy,5,1,5,51.5
Roon CLR,3446585136,9,TRUE,germany,10,3,3,51.3
Wukong,3751720144,8,TRUE,pan_asia,10,3,3,51.3
AL Yukikaze,3541972688,8,TRUE,japan,7,2,3,51
Asashio B,3667801808,8,TRUE,japan,7,2,3,51
HSF Harekaze,3552458448,8,TRUE,japan,7,2,3,51
Asashio,3751687888,8,TRUE,japan,7,2,3,51
Fusilier,4186847056,3,FALSE,france,6,1,4,36.4
Tallinn,4076778960,8,FALSE,ussr,12,3,4,57.6
Van Kinsbergen,4188976912,1,FALSE,netherlands,6,1,4,35.2
Orion?'44,3544102864,6,TRUE,uk,9,2,4,50.4
Mysore,3753817456,6,TRUE,commonwealth,10,3,3,50.4
Dmitri Donskoi,4180587984,9,FALSE,ussr,12,3,4,57.6
Kijkduin,4183734032,6,FALSE,netherlands,8,2,4,56.8
Clemson,4274927600,4,FALSE,usa,7,1,4,34.4
Iwaki Alpha,4267620048,4,TRUE,japan,6,1,5,50
Pyotr Bagration,3730748880,8,TRUE,ussr,11,3,3,49.5
Sampson,4292753392,2,FALSE,usa,7,1,4,34.4
Wickes,4266538992,3,FALSE,usa,7,1,4,34.4
Celebes,4184782608,5,FALSE,netherlands,8,2,4,56.8
Emerald,4184782800,5,FALSE,uk,7,1,7,56
Luca Tarigo,4182652656,7,FALSE,italy,6,2,3,55.2
Encounter,4274959728,9,FALSE,commonwealth,9,3,3,54.9
Delhi,4279154032,5,FALSE,commonwealth,6,2,3,54.6
Gallant,3764271056,6,TRUE,uk,5,1,4,48
Vampire,3767416176,3,TRUE,commonwealth,5,1,4,48
Juru?,3764270416,6,TRUE,pan_america,5,1,4,48
Anshan,3764270288,6,TRUE,pan_asia,5,1,4,48
Alberto di Giussano,4185831152,4,FALSE,italy,15,2,4,32
Chester,4292786160,2,FALSE,usa,8,1,4,30
Baltimore,4181637104,8,FALSE,usa,10,3,3,54
La?Argentina,4184782160,5,FALSE,pan_america,10,3,3,54
Gokase,4078876368,6,FALSE,japan,9,2,4,53.6
Galicia,4184782256,5,FALSE,spain,9,2,4,53.6
Leander,4183734224,6,FALSE,uk,9,2,4,53.6
Gu?pard,4183701328,6,FALSE,france,5,1,5,53.5
Svea,3550393648,10,FALSE,europe,4,2,2,53.2
[Za?],3315513040,10,FALSE,japan,13,3,4,52.8
Za? CLR,3361650384,10,FALSE,japan,13,3,4,52.8
Gremyashchy,4293801424,5,TRUE,ussr,5,1,4,48
ZF-6,3740153648,9,TRUE,germany,3,1,3,47.4
Anchorage,3751720944,8,TRUE,usa,15,3,4,46.8
Za?,4259231440,10,FALSE,japan,13,3,4,52.8
L?beck,3256760112,10,FALSE,germany,6,2,3,52.8
Gibraltar,3655251920,10,FALSE,uk,13,4,3,52.8
[Moskva],3340678608,10,FALSE,ussr,10,3,3,52.2
Moskva,4179539408,10,FALSE,ussr,10,3,3,52.2
Cond?,4178491216,11,FALSE,france,14,4,3,51.6
Rochester,3730749424,8,TRUE,usa,12,3,3,45
Ning Hai,3767448784,3,TRUE,pan_asia,8,2,3,45
Almirante Abreu,3768497488,2,TRUE,pan_america,8,1,6,45
Dante Alighieri,4185863920,4,FALSE,italy,33,3,4,21.6
Elbing,4074649392,10,FALSE,germany,7,2,3,51
Chikuma,4258182864,2,FALSE,japan,11,1,4,20.8
Albany,4291737584,2,TRUE,usa,8,1,6,45
Paolo Emilio,3761125104,9,TRUE,italy,10,2,4,44.8
Francesco Ferruccio,3752769264,7,TRUE,italy,11,4,2,44
Kager?,4076746448,8,FALSE,japan,7,2,3,51
Gangut,4185863632,4,FALSE,ussr,36,3,4,20.4
Kozma Minin,3540956624,9,FALSE,ussr,9,2,4,50.4
Le Fantasque,4181604176,8,FALSE,france,6,1,5,50
Bagration,3720263120,8,FALSE,ussr,11,3,3,49.5
Saint-Louis,4180588368,9,FALSE,france,11,3,3,49.5
Auckland,4276008304,8,FALSE,commonwealth,11,3,3,49.5
Van Speijk,3761157904,9,TRUE,netherlands,12,3,3,43.2
Molotov,3764303312,6,TRUE,ussr,12,3,3,43.2
Gustav-Julius Maerker,4076746544,8,FALSE,germany,6,1,5,49
Georg Hoffmann,3550361392,10,FALSE,germany,7,2,3,48.6
Eastern Dragon,3532568272,7,TRUE,japan,14,2,5,43
ARP Haguro,3551442640,7,TRUE,japan,14,2,5,43
ARP Nachi,3522082512,7,TRUE,japan,14,2,5,43
Southern Dragon,3543054032,7,TRUE,japan,14,2,5,43
ARP Ashigara,3553539792,7,TRUE,japan,14,2,5,43
ARP My?k?,3555636944,7,TRUE,japan,14,2,5,43
Felix Schultz,4075697968,9,FALSE,germany,7,2,3,48.6
Komissar,3445536208,10,FALSE,ussr,15,3,4,48
Muavenet,4079891760,5,FALSE,europe,5,1,4,48
J?ger,3750638896,9,TRUE,europe,4,1,3,42
Okhotnik,3765319120,5,TRUE,ussr,10,1,7,42
Nottingham,3720263632,8,TRUE,uk,13,3,3,41.4
Indianapolis,3763255280,7,TRUE,usa,13,3,3,41.4
Gnevny,4078843344,6,FALSE,ussr,5,1,4,48
Icarus,4183701456,6,FALSE,uk,5,1,4,48
Von der Tann,4082054960,3,FALSE,germany,27,2,4,17.6
Fushun,4183700688,6,FALSE,pan_asia,5,1,4,48
Acasta,4184750032,5,FALSE,uk,5,1,4,48
Akatsuki,4182652624,7,FALSE,japan,7,2,3,48
V?ster?s,4183700784,6,FALSE,europe,7,2,3,48
Ognevoi,4076746192,8,FALSE,ussr,5,2,2,48
Shinonome,3554555600,6,TRUE,japan,9,2,3,40.2
Shinonome?B,3669898960,6,TRUE,japan,9,2,3,40.2
Yahagi,3765352144,5,TRUE,japan,9,2,3,40.2
Canarias,3764303280,6,TRUE,spain,12,2,4,40
Siroco,3766368080,5,TRUE,france,6,1,4,40
Ernst Gaede,4183701296,6,FALSE,germany,5,1,4,46.8
Monmouth,4273911760,10,FALSE,uk,15,4,3,46.8
Queen Mary,4081006544,4,FALSE,uk,30,2,4,16
Ibuki,4282300112,9,FALSE,japan,13,2,5,46
Indefatigable,4082055120,3,FALSE,uk,30,2,4,16
Admiral Hipper,4181636912,8,FALSE,germany,10,2,4,45.6
Prins van?Oranje,3550394128,10,FALSE,netherlands,16,4,3,45.6
Jaguar,4184749904,5,FALSE,france,6,1,5,45.5
Charles Martel,4181636944,8,FALSE,france,12,3,3,45
Kirov,3744380368,5,TRUE,ussr,13,3,3,39.6
South Carolina,4293867504,3,FALSE,usa,30,2,4,16
L'Adroit,4279121744,5,FALSE,france,5,1,4,43.6
Ravenna,3256792816,10,FALSE,italy,21,3,5,43.5
Venezia,4179539696,10,FALSE,italy,21,3,5,43.5
Marlborough,3761190864,9,TRUE,uk,25,4,4,38.4
Novosibirsk,4178490832,11,FALSE,ussr,12,3,3,43.2
Catalu?a,4181636528,8,FALSE,spain,12,3,3,43.2
ARP Maya,3542005456,8,TRUE,japan,16,2,5,38
Atago B,3667834576,8,TRUE,japan,16,2,5,38
ARP Takao,3552491216,8,TRUE,japan,16,2,5,38
Atago,4255037136,8,TRUE,japan,16,2,5,38
My?k?,4286494416,7,FALSE,japan,14,2,5,43
Agano,4079924944,5,FALSE,japan,8,2,3,42.6
Castilla,4179539376,10,FALSE,spain,13,3,3,41.4
Albemarle,4076779472,8,FALSE,uk,13,3,3,41.4
Henri IV,4179539792,10,FALSE,france,13,3,3,41.4
Roon,4180588336,9,FALSE,germany,13,3,3,41.4
Prinz Eugen,3762206512,8,TRUE,germany,13,2,4,36.8
New Orleans,4182685680,7,FALSE,usa,13,3,3,41.4
?mile Bertin,4184782672,5,FALSE,france,13,3,3,41.4
Maestrale,4184749808,5,FALSE,italy,5,2,2,41.2
Y?bari,4290688720,4,TRUE,japan,6,2,2,36.8
Podvoisky,4079891920,5,FALSE,ussr,7,1,5,40
Yorck,4182685488,7,FALSE,germany,12,2,4,40
Alg?rie,4182685520,7,FALSE,france,12,2,4,40
San?Mart?n,4179539280,10,FALSE,pan_america,6,2,2,40
Tianjin,3540956368,9,TRUE,pan_asia,15,3,3,36
Hawkins,4079925200,5,FALSE,uk,10,1,7,39.9
HSF Harekaze II,3741202128,8,TRUE,japan,5,1,3,36
Tashkent?'39,3752736208,7,TRUE,ussr,5,1,3,36
Petrozavodsk,3256792528,10,FALSE,ussr,14,3,3,38.7
Petropavlovsk,3969824208,10,FALSE,ussr,14,3,3,38.7
Riga,4075730384,9,FALSE,ussr,14,3,3,38.7
Andaluc?a,4180587952,9,FALSE,spain,14,3,3,38.7
Surrey,4077828048,7,FALSE,uk,12,2,4,38.4
Goliath,4074682320,10,FALSE,uk,18,3,4,38.4
Jianwei,4184749264,5,FALSE,pan_asia,8,1,5,37.5
Mecklenburg,3655284528,10,FALSE,germany,26,4,4,36.8
Asturias,4182685104,7,FALSE,spain,13,2,4,36.8
Baleares,4183733680,6,FALSE,spain,13,2,4,36.8
Nicholas,4280170480,5,FALSE,usa,6,1,4,36.8
Chungking,4184782032,5,FALSE,pan_asia,9,2,3,36.6
Picardie,3720296272,8,TRUE,france,27,4,4,35.2
Brindisi,4180588272,9,FALSE,italy,20,3,4,36
Vrijheid,3256792848,10,FALSE,netherlands,15,3,3,36
Gouden Leeuw,4179539728,10,FALSE,netherlands,15,3,3,36
Haarlem,4181636880,8,FALSE,netherlands,15,3,3,36
Karl von Sch?nberg,3753785136,6,TRUE,germany,7,1,4,34.4
Katori,3767449296,3,TRUE,japan,7,2,2,34.4
Piemonte,4178491120,11,FALSE,italy,21,3,4,34.8
Devonshire,4078876624,6,FALSE,uk,14,2,4,34.4
Amalfi,4181636848,8,FALSE,italy,16,3,3,34.2
Johan de Witt,4180588304,9,FALSE,netherlands,16,3,3,34.2
Raimondo Montecuccoli,4184782576,5,FALSE,italy,14,2,4,33.6
Aoba,4287542992,6,FALSE,japan,11,2,3,33
Zara,4182685424,7,FALSE,italy,14,2,4,32.8
I-56,3751196368,8,TRUE,japan,1,1,1,33.3
Mikoyan,3754866128,5,TRUE,ussr,11,2,3,33
Puerto Rico,3655251952,10,FALSE,usa,22,3,4,32.4
Sutlej,4293834096,1,FALSE,commonwealth,5,2,3,61.8
Rhode Island,3539941360,10,FALSE,usa,22,4,3,32.4
Lyon,4182718288,7,FALSE,france,30,4,4,32
Gorizia,3658397424,7,TRUE,italy,15,2,4,32
Dupleix,3753817936,6,TRUE,france,15,2,4,32
London,3753818064,6,TRUE,uk,15,2,4,32
Duca degli Abruzzi,3763255024,7,TRUE,italy,7,2,2,32
Black Swan,4188977104,1,FALSE,uk,6,2,3,60
Trento,4183734000,6,FALSE,italy,15,2,4,32
Hatsuharu,4078843600,6,FALSE,japan,7,2,2,32
Fubuki,4183701200,6,FALSE,japan,7,2,2,32
Napoli?B,3676223216,10,FALSE,italy,17,3,3,31.5
Napoli,3760109296,10,FALSE,italy,17,3,3,31.5
Eendracht,4182685456,7,FALSE,netherlands,8,2,2,30
Chikuma?II Golden,3530471120,9,TRUE,japan,16,2,4,30.4
Chikuma?II,3540956880,9,TRUE,japan,16,2,4,30.4
Tone,4276008656,8,TRUE,japan,16,2,4,30.4
Anhalt,3741267760,8,TRUE,germany,30,3,5,30
Monaghan,3764271088,6,TRUE,usa,4,1,2,30
Drake,4075730896,9,FALSE,uk,18,3,3,29.7
Sicilia,3550426864,10,FALSE,italy,33,4,4,28.8
Yoshino B,3676223184,10,FALSE,japan,18,3,3,28.8
Yoshino,3749623504,10,FALSE,japan,18,3,3,28.8
AL Cheshire,3709777872,8,TRUE,uk,12,2,3,28.8
Dallas,4078876656,6,FALSE,usa,8,2,2,28.4
Amerigo Vespucci,3256825584,10,FALSE,italy,34,4,4,27.2
Karl?XIV Johan,3761190192,9,TRUE,europe,25,3,4,28.8
Kronshtadt,3761157584,9,TRUE,ussr,18,3,3,28.8
Maya,3752769232,7,TRUE,japan,16,2,4,28.8
Cheshire,3762206672,8,TRUE,uk,12,2,3,28.8
Cumberland,3445569488,10,FALSE,uk,35,4,4,27.2
Brandenburg B,3730782000,8,TRUE,germany,26,3,4,27.6
Brandenburg,3751753520,8,TRUE,germany,26,3,4,27.6
Maine,4178524144,11,FALSE,usa,35,4,4,27.2
Stalingrad,3760109008,10,FALSE,ussr,21,3,3,26.1
Devastation,4178524112,11,FALSE,uk,38,4,4,25.6
Cristoforo Colombo,4179572464,10,FALSE,italy,37,4,4,25.6
AL ?gir,3352213296,9,TRUE,germany,20,3,3,27
Scharnhorst B,3668916016,7,TRUE,germany,20,3,3,27
Alaska B,3666786288,9,TRUE,usa,20,3,3,27
Mengchong,3740185808,9,TRUE,pan_asia,20,3,3,27
Alaska,3760109552,9,TRUE,usa,20,3,3,27
AL Azuma,3750672080,9,TRUE,japan,20,3,3,27
Azuma,3760109264,9,TRUE,japan,20,3,3,27
?gir,3750672176,9,TRUE,germany,20,3,3,27
Scharnhorst,3763287856,7,TRUE,germany,20,3,3,27
Rio de?Janeiro,3765384528,5,TRUE,pan_america,31,2,7,26.6
Fus?,4288624336,6,FALSE,japan,28,2,6,25.2
Admiral Schr?der,3740186416,9,TRUE,germany,18,2,4,26.4
Volunteer State,3352246256,8,FALSE,usa,28,3,4,25.2
Campbeltown,3767416784,3,TRUE,uk,7,1,3,25.8
[Grosser Kurf?rst],3340711728,10,FALSE,germany,29,3,4,25.2
Grosser Kurf?rst,4179572528,10,FALSE,germany,29,3,4,25.2
Bourgogne,3760142160,10,FALSE,france,28,4,3,25.2
V-25,4187895600,2,FALSE,germany,4,1,3,45
Longjiang,4187894992,2,FALSE,pan_asia,4,1,3,45
Hy?ga,3752802000,7,TRUE,japan,29,2,6,25.2
Viribus Unitis,3766433072,5,TRUE,europe,29,3,4,25.2
[Montana],3333371888,10,FALSE,usa,30,3,4,24
Montana?2,3330226160,10,FALSE,usa,30,3,4,24
BA Montana,3435083760,10,FALSE,usa,30,3,4,24
Montana,4277090288,10,FALSE,usa,30,3,4,24
Patrie,4178523984,11,FALSE,france,30,4,3,24
Normandie,4183766864,6,FALSE,france,30,4,3,24
Exeter,3765352400,5,TRUE,uk,15,2,3,24
Genova,3765352176,5,TRUE,italy,20,2,4,24
Hildebrand,3550394160,10,FALSE,germany,15,3,2,24
K-1,4179015120,10,FALSE,ussr,5,1,2,24
K?nig,4184815408,5,FALSE,germany,26,2,5,23
Alsace,4180621136,9,FALSE,france,32,4,3,22.8
Marseille,4074682192,10,FALSE,france,24,3,3,22.5
Minekaze,4290655952,5,FALSE,japan,10,1,4,22
Archerfish,3549870064,10,FALSE,usa,5,1,2,21.8
F?jin,4277024464,5,TRUE,japan,10,1,4,24
Arkansas Beta,4281284592,4,TRUE,usa,30,2,6,24
Kamikaze R,4267587280,5,TRUE,japan,10,1,4,24
Kamikaze,4268635856,5,TRUE,japan,10,1,4,24
Ishizuchi,4286527184,4,TRUE,japan,25,2,5,24
Bougainville,4188976976,1,FALSE,france,4,1,3,37.5
Comodoro,3256825168,10,FALSE,pan_america,33,2,6,21.6
Agincourt,3765385168,5,TRUE,uk,36,2,7,23.8
Scharnhorst?'43,3543086896,7,TRUE,germany,23,3,3,23.4
Odin,3762239280,8,TRUE,germany,23,3,3,23.4
Libertad,4284429648,10,FALSE,pan_america,33,2,6,21.6
Los Andes,4274992464,9,FALSE,pan_america,33,2,6,21.6
Wujing,3750704336,9,TRUE,pan_asia,32,4,3,22.8
Florida,3752802288,7,TRUE,usa,32,4,3,22.8
Oktyabrskaya Revolutsiya,3765384656,5,TRUE,ussr,32,3,4,22.8
Ipiranga,4276041040,8,FALSE,pan_america,33,2,6,21.6
Phra Ruang,4186846416,3,FALSE,pan_asia,5,1,3,36
Numancia,3762206128,8,TRUE,spain,11,2,2,22
Romulus,4186846512,3,FALSE,europe,5,1,3,36
Medea,4187895760,2,FALSE,uk,5,1,3,36
Derzki,4186846672,3,FALSE,ussr,5,1,3,36
California,3553572848,7,TRUE,usa,32,3,4,21.6
Pommern B,3666818864,9,TRUE,germany,33,3,4,21.6
Pommern,3761190704,9,TRUE,germany,33,3,4,21.6
Storozhevoi,4187895248,2,FALSE,ussr,5,1,3,36
Enseigne Gabolde,4187895632,2,FALSE,france,5,1,3,34.5
Izmail,4183766480,6,FALSE,ussr,33,3,4,21.6
New Mexico,4259264496,6,FALSE,usa,34,3,4,21.6
Monarch,4181669840,8,FALSE,uk,25,3,3,21.6
Utah,3256825840,10,FALSE,usa,36,3,4,20.4
Bungo,4074714832,10,FALSE,japan,30,2,5,20
Iron Duke,4184815568,5,FALSE,uk,30,2,5,20
Bretagne,4184815440,5,FALSE,france,30,2,5,20
Kearsarge?B,3666819056,9,TRUE,usa,36,3,4,20.4
Navarin,3761190352,9,TRUE,ussr,35,4,3,20.4
Kearsarge,3750705136,9,TRUE,usa,36,3,4,20.4
Arizona,3764336624,6,TRUE,usa,35,3,4,20.4
Amagi,4281284304,8,FALSE,japan,30,2,5,20
Imperator Nikolai I,4293866960,4,TRUE,ussr,36,3,4,20.4
New York,4288624624,5,FALSE,usa,30,2,5,20
Michelangelo,3750672112,9,TRUE,italy,24,4,2,20
Atl?ntico,3762238800,8,TRUE,pan_america,30,2,5,20
Kii,3762239184,8,TRUE,japan,30,2,5,20
Prinz Sigismund,3257874224,9,FALSE,germany,24,2,4,20
K?nig Albert,3767482160,3,TRUE,germany,30,2,5,20
Dreadnought,3767482320,3,TRUE,uk,30,2,5,20
Preussen,3969857328,10,FALSE,germany,24,2,4,20
R?publique,4179572560,10,FALSE,france,24,4,2,20
Klas Horn,4185797936,4,FALSE,europe,7,1,3,24
Defence,3445536720,10,FALSE,uk,18,2,3,19.8
Lepanto,4180621040,9,FALSE,italy,37,4,3,19.2
Thunderer,3760142288,10,FALSE,uk,26,2,4,18.4
Derfflinger,4079957808,5,FALSE,germany,26,2,4,18.4
Friedrich der Grosse,4180621104,9,FALSE,germany,26,2,4,18.4
Bismarck,4181669680,8,FALSE,germany,26,2,4,18.4
Vermont,4179572720,10,FALSE,usa,40,3,4,18
Hizen,3750704848,9,TRUE,japan,38,3,4,19.2
Strasbourg,3763287888,7,TRUE,france,25,4,2,19.2
Vanguard,3762239440,8,TRUE,uk,25,2,4,19.2
Minnesota,4180621296,9,FALSE,usa,40,3,4,18
Ashitaka,3763287760,7,TRUE,japan,31,2,5,19
Poltava,3762238928,7,TRUE,ussr,28,3,3,18.9
BA Tirpitz,3437180720,8,TRUE,germany,26,2,4,18.4
Tirpitz B,3667867440,8,TRUE,germany,26,2,4,18.4
Jean Bart B,3666818896,9,TRUE,france,26,4,2,18.4
Dunkerque?B,3669964624,6,TRUE,france,26,4,2,18.4
Jean Bart,3751753552,9,TRUE,france,26,4,2,18.4
Kansas,4181669872,8,FALSE,usa,40,3,4,18
Dunkerque,3764336464,6,TRUE,france,26,4,2,18.4
[Yamato],3332323024,10,FALSE,japan,30,3,3,18
Wisconsin,3529455600,10,FALSE,usa,30,3,3,18
Iowa?2,3331274736,9,FALSE,usa,30,3,3,18
Tirpitz,4292818736,8,TRUE,germany,26,2,4,18.4
Victoria,3540989360,9,TRUE,spain,30,3,3,18
Ignis Purgatio,3374266064,8,TRUE,japan,33,2,5,18
Rodney,3543087056,7,TRUE,uk,30,3,3,18
Ragnarok,3363780304,8,TRUE,japan,33,2,5,18
North Carolina?2,3248437232,8,FALSE,usa,30,3,3,18
ARP Yamato,3560912592,10,FALSE,japan,30,3,3,18
North?Carolina?CLR,3447666672,8,TRUE,usa,30,3,3,18
St.?Vincent,4074715088,10,FALSE,uk,30,3,3,18
Duncan,4075763664,9,FALSE,uk,29,3,3,18
Xuan Wu,3552523472,9,TRUE,pan_asia,30,3,3,18
North Carolina,4282333168,8,FALSE,usa,30,3,3,18
HSF Admiral Graf Spee,3554588464,6,TRUE,germany,20,3,2,18
Texas,3555670000,5,TRUE,usa,34,2,5,18
AL Littorio,3552524016,8,TRUE,italy,30,3,3,18
Schill,3741234992,8,TRUE,germany,20,3,2,18
Massachusetts B,3667867632,8,TRUE,usa,30,3,3,18
Scarlet Thunder,3656333264,9,TRUE,uk,30,3,3,18
Alabama VL,3741267952,8,TRUE,usa,30,3,3,18
Alabama ST,3552524272,8,TRUE,usa,30,3,3,18
Musashi,3761190608,9,TRUE,japan,30,3,3,18
Missouri,3761190896,9,TRUE,usa,30,3,3,18
Massachusetts,3751753712,8,TRUE,usa,30,3,3,18
Nelson,3752802256,7,TRUE,uk,30,3,3,18
Roma,3762239216,8,TRUE,italy,30,3,3,18
Alabama,3762239472,8,TRUE,usa,30,3,3,18
Admiral Graf Spee,3764303664,6,TRUE,germany,20,3,2,18
Iowa,4276041712,9,FALSE,usa,30,3,3,18
Yamato,4276041424,10,FALSE,japan,30,3,3,18
Izumo,4272895696,9,FALSE,japan,30,3,3,18
Ohio,3760142320,10,FALSE,usa,27,2,4,17.6
Schlieffen,4074714928,10,FALSE,germany,27,2,4,17.6
Mackensen,4078909232,6,FALSE,germany,27,2,4,17.6
Yumihari,4076811984,8,FALSE,japan,27,2,4,17.6
Brennus,3550394192,10,FALSE,france,13,2,2,17.6
Z-31,4077795120,7,FALSE,germany,7,1,2,17.2
Hawke,4076812240,8,FALSE,uk,31,3,3,17.1
Daisen,3729733328,9,TRUE,japan,27,2,4,17.6
Rooke,4077860816,7,FALSE,uk,31,3,3,17.1
Hannover,4178523952,11,FALSE,germany,28,2,4,16.8
Nagato,4284430032,7,FALSE,japan,29,2,4,16.8
Isokaze,4291704528,4,FALSE,japan,12,1,3,15
Wakatake,4269684432,3,FALSE,japan,12,1,3,15
Brest,4075730768,9,FALSE,france,28,4,2,16.8
Bajie,3761190096,9,TRUE,pan_asia,32,3,3,17.1
Giuseppe Verdi,3750704880,9,TRUE,italy,31,3,3,17.1
Yukon,3763287408,7,TRUE,commonwealth,31,3,3,17.1
Cherbourg,4076779344,8,FALSE,france,29,4,2,16.8
Slava,3760141776,10,FALSE,ussr,33,3,3,16.2
My?gi,4291770064,4,FALSE,japan,28,2,3,12.6
Iwami,3740219088,9,TRUE,japan,28,2,4,16.8
Iwami B,3708761808,9,TRUE,japan,28,2,4,16.8
Toulon,3763255120,7,TRUE,france,28,4,2,16.8
Gascogne,3762239312,8,TRUE,france,28,4,2,16.8
Prinz Eitel Friedrich,3764336432,6,TRUE,germany,28,2,4,16.8
Admiral Ushakov,4178523600,11,FALSE,ussr,33,3,3,16.2
Zieten,4076812080,8,FALSE,germany,22,2,3,16.2
Kremlin,4179572176,10,FALSE,ussr,33,3,3,16.2
Sovetsky Soyuz,4180620752,9,FALSE,ussr,33,3,3,16.2
AL Sov. Rossiya,3551475152,9,TRUE,ussr,33,3,3,16.2
Flandre,3730782032,8,TRUE,france,33,3,3,16.2
Lenin,3751753168,8,TRUE,ussr,33,3,3,16.2
Vladivostok,4181669328,8,FALSE,ussr,33,3,3,16.2
Sinop,4182717904,7,FALSE,ussr,33,3,3,16.2
Vittorio Veneto,4181669616,8,FALSE,italy,34,3,3,16.2
Furutaka,4289640144,5,FALSE,japan,22,2,3,16.2
Gda?sk,4074648880,10,FALSE,europe,3,1,1,16.2
Colorado?2,3249485808,7,FALSE,usa,30,2,4,16
Eritrea,4188976880,1,FALSE,italy,3,2,2,68.4
H?rcules,4188976464,1,FALSE,pan_america,4,2,2,60
Hermelin,4293834544,1,FALSE,germany,4,2,2,60
Orlan,4188976592,1,FALSE,ussr,4,2,2,56
HSF Hiei,3545183952,5,TRUE,japan,30,2,4,16
Ruggiero di?Lauria,3760142064,10,FALSE,italy,30,2,4,16
Hashidate,4256085712,1,FALSE,japan,4,2,2,50
ARP Haruna,3553572560,5,TRUE,japan,30,2,4,16
West Virginia '44,3742316528,7,TRUE,usa,30,2,4,16
Ise,3743364816,6,TRUE,japan,30,2,4,16
ARP Hiei,3552523984,5,TRUE,japan,30,2,4,16
Constellation,3730782192,8,TRUE,usa,30,2,4,16
ARP Kong?,3555669712,5,TRUE,japan,30,2,4,16
ARP Kirishima,3554621136,5,TRUE,japan,30,2,4,16
Z-39,3762173744,7,TRUE,germany,7,1,2,16
AL Prinz Heinrich,3752802096,7,TRUE,germany,30,2,4,16
Adatara,4075763408,9,FALSE,japan,30,2,4,16
Mutsu,3764336336,6,TRUE,japan,30,2,4,16
Hood,3763288016,7,TRUE,uk,30,2,4,16
W. Virginia '41,3763288048,6,TRUE,usa,30,2,4,16
Chengan,4188976336,1,FALSE,pan_asia,5,2,2,43.6
Turbine,4185798384,4,FALSE,italy,5,2,2,43.6
Curtatone,4187895536,2,FALSE,italy,5,2,2,43.6
Tiger,4079957968,5,FALSE,uk,30,2,4,16
Prinz Rupprecht,4075763504,9,FALSE,germany,30,2,4,16
Nazario Sauro,4186846960,3,FALSE,italy,6,2,2,37.6
Gryf,4188976432,1,FALSE,europe,3,1,2,35.2
Prinz Heinrich,4077860656,7,FALSE,germany,30,2,4,16
Queen Elizabeth,4183766992,6,FALSE,uk,30,2,4,16
Bayern,4183766832,6,FALSE,germany,30,2,4,16
Colorado,4286527472,7,FALSE,usa,30,2,4,16
T?tra,4187895088,2,FALSE,europe,4,1,2,26.6
Warspite,4292818896,6,TRUE,uk,30,2,4,16
[Richelieu],3353294672,8,FALSE,france,30,4,2,16
Richelieu,4181669712,8,FALSE,france,30,4,2,16
Marco Polo,3761190640,9,TRUE,italy,36,3,3,15.3
Visby,4184749360,5,FALSE,europe,7,1,2,16
Pensacola,4183734256,6,FALSE,usa,15,2,2,16
Renown,4078909392,6,FALSE,uk,23,2,3,15.6
Kong?,4287575760,5,FALSE,japan,31,2,4,15.2
Repulse B,3732879312,6,TRUE,uk,25,2,3,14.4
Tsurugi,3719247568,9,TRUE,japan,25,2,3,14.4
Renown '44,3721344976,7,TRUE,uk,25,2,3,14.4
Repulse,3743365072,6,TRUE,uk,25,2,3,14.4
Carnot,3761157968,9,TRUE,france,25,3,2,14.4
Sevastopol,3550393808,10,FALSE,ussr,24,2,3,15
Francesco Caracciolo,4182718192,7,FALSE,italy,33,2,4,14.4
Georgia,3530504176,9,TRUE,usa,26,2,3,13.8
Sun Yat-Sen,3740218576,9,TRUE,pan_asia,26,2,3,13.8
Collingwood,3731830736,7,TRUE,uk,26,2,3,13.8
Siegfried,3761157936,9,TRUE,germany,26,2,3,13.8
Pyotr Velikiy,4184815056,5,FALSE,ussr,33,2,4,14.4
Gneisenau,4182718256,7,FALSE,germany,26,2,3,13.8
Satsuma,4178523856,11,FALSE,japan,35,2,4,13.6
Jutland,4180555728,9,FALSE,uk,4,1,1,13.3
Shikishima,3760142032,10,FALSE,japan,27,2,3,13.2
Louchuan,3729732816,9,TRUE,pan_asia,29,3,2,12.6
Champagne,3741267792,8,TRUE,france,28,3,2,12.6
Incomparable,3655284688,10,FALSE,uk,28,2,3,12.6
Lion,4180621264,9,FALSE,uk,29,3,2,12.6
Xin Zhong Guo?14,3543577808,6,TRUE,pan_asia,5,1,1,12
[Conqueror],3340711888,10,FALSE,uk,30,3,2,12
Louisiana,4074715120,10,FALSE,usa,30,3,2,12
Umikaze,4292753104,2,FALSE,japan,10,1,2,12
Nebraska,4076812272,8,FALSE,usa,30,3,2,12
Almirante?Cervera,4185830832,4,FALSE,spain,13,1,2,9.2
Conqueror,4179572688,10,FALSE,uk,30,3,2,12
Thrasher,4179015632,10,FALSE,uk,5,1,1,12
L-20,4181112272,8,FALSE,ussr,5,1,1,12
Borodino,3741267408,8,TRUE,ussr,31,3,2,11.4
Congress,3741235184,8,TRUE,usa,22,2,2,10.8
B?yskawica,3769513264,7,TRUE,europe,6,1,1,10
S-1,4183209424,6,FALSE,ussr,5,1,1,12
Mutsuki,4184749776,5,FALSE,japan,12,1,2,10
Grom,4077794608,7,FALSE,europe,6,1,1,10
Duchaffault,4278073168,6,FALSE,france,6,1,1,9.5
Aviere,4183701232,6,FALSE,italy,7,1,1,8.5
Conte di Cavour,4184815344,5,FALSE,italy,28,2,2,8.4
Novorossiysk,3753850320,6,TRUE,ussr,30,2,2,8
Giulio Cesare,3765384944,5,TRUE,italy,30,2,2,8
Andrea Doria,4183766768,6,FALSE,italy,30,2,2,8
Shiratsuyu,4077795024,7,FALSE,japan,7,1,1,8
Mikasa,4283381456,2,TRUE,japan,30,2,2,8
Y?dachi,3763222224,7,TRUE,japan,9,1,1,6.7
De Ruyter,4185831184,4,FALSE,netherlands,9,1,1,6.7
Oklahoma,3765385200,5,TRUE,usa,38,2,2,6.4
King George V,4182718416,7,FALSE,uk,25,2,1,4.8
Duke of York,3742316496,7,TRUE,uk,29,2,1,4
Delaware,4075763696,9,FALSE,usa,30,2,1,4
Theseus,3542071248,8,TRUE,uk,,,,
Admiral Orlov,3256858064,10,FALSE,ussr,,,,
Shinano,3550459600,10,FALSE,japan,,,,
[Audacious],3340744656,10,FALSE,uk,,,,
[Midway],3335501808,10,FALSE,usa,,,,
Otto Lilienthal,3256858416,10,FALSE,germany,,,,
Balao?2,3340154864,10,FALSE,usa,,,,
[Hakury?],3333404368,10,FALSE,japan,,,,
AL Hornet,3353327600,8,TRUE,usa,,,,
Colossus,3741300688,8,TRUE,uk,,,,
Saipan B,3667900400,8,TRUE,usa,,,,
Chkalov?B,3667899856,8,TRUE,ussr,,,,
Kaga B,3667900112,8,TRUE,japan,,,,
Max Immelmann,3655317296,10,FALSE,germany,,,,
Graf Zeppelin B,3667900208,8,TRUE,germany,,,,
Hornet,3730814960,8,TRUE,usa,,,,
Saipan,3741300720,8,TRUE,usa,,,,
Ark Royal,3751786448,6,TRUE,uk,,,,
Werner Voss,3760174896,10,FALSE,germany,,,,
Alliance,3761682384,8,TRUE,uk,,,,
Kaga,3751786192,8,TRUE,japan,,,,
U-4501,3759585072,10,FALSE,germany,,,,
Malta,3760175056,10,FALSE,uk,,,,
S-189,3761681872,8,TRUE,ussr,,,,
Graf Zeppelin,3751786288,8,TRUE,germany,,,,
Franklin D. Roosevelt,3760175088,10,FALSE,usa,,,,
Enterprise,3751786480,8,TRUE,usa,,,,
Gato,3759585264,10,FALSE,usa,,,,
Indomitable,3762272208,8,TRUE,uk,,,,
Sanzang,3762271440,8,TRUE,pan_asia,,,,
Chkalov,3762271696,8,TRUE,ussr,,,,
Erich Loewenhardt,3764369200,6,TRUE,germany,,,,
Aquila,3762271984,8,TRUE,italy,,,,
U-2501,4074157872,10,FALSE,germany,,,,
Balao,4074158064,10,FALSE,usa,,,,
B?arn,3764369232,6,TRUE,france,,,,
Sekiryu,4178556624,11,FALSE,japan,,,,
U-69,4078352176,6,FALSE,germany,,,,
Hermes,4081039312,4,FALSE,uk,,,,
Audacious,4074747856,10,FALSE,uk,,,,
Eagle,4178556880,11,FALSE,uk,,,,
U-190,4076255024,8,FALSE,germany,,,,
United States,4178556912,11,FALSE,usa,,,,
Salmon,4076255216,8,FALSE,usa,,,,
Cachalot,4078352368,6,FALSE,usa,,,,
Pobeda,4181702096,8,FALSE,ussr,,,,
Undine,4183209936,6,FALSE,uk,,,,
Admiral Nakhimov,4179604944,10,FALSE,ussr,,,,
Sturdy,4181112784,8,FALSE,uk,,,,
August von Parseval,4181702448,8,FALSE,germany,,,,
Hakury?,4179605200,10,FALSE,japan,,,,
Implacable,4181702608,8,FALSE,uk,,,,
Manfred von Richthofen,4179605296,10,FALSE,germany,,,,
Sh?kaku,4181702352,8,FALSE,japan,,,,
Midway,4179605488,10,FALSE,usa,,,,
Lexington,4181702640,8,FALSE,usa,,,,
Komsomolets,4185896400,4,FALSE,ussr,,,,
Serov,4183799248,6,FALSE,ussr,,,,
H?sh?,4185896656,4,FALSE,japan,,,,
Furious,4183799760,6,FALSE,uk,,,,
Weser,4183799600,6,FALSE,germany,,,,
Rhein,4185896752,4,FALSE,germany,,,,
Ry?j?,4183799504,6,FALSE,japan,,,,
Langley,4185896944,4,FALSE,usa,,,,
Ranger,4183799792,6,FALSE,usa,,,,
Independence,4267685872,6,FALSE,usa,,,,
Yorktown,4265588720,8,FALSE,usa,,,,
Essex,4273977328,10,FALSE,usa,,,,
